{
  "project_info": {
    "project_number": "326100839217",
    "project_id": "ejemplo-a4072",
    "storage_bucket": "ejemplo-a4072.firebasestorage.app"
  },
  "client": [
    {
      "client_info": {
        "mobilesdk_app_id": "1:326100839217:android:bd8a7eeb59d260f50a1e10",
        "android_client_info": {
          "package_name": "com.ejemplo.app"
        }
      },
      "oauth_client": [
        {
          "client_id": "326100839217-rkl6b1jic8vhh5cjrj20h8lrvguq14ou.apps.googleusercontent.com",
          "client_type": 1,
          "android_info": {
            "package_name": "com.ejemplo.app",
            "certificate_hash": "17d12c5de3df5350e36803bb287b59e0b4ac8ec1"
          }
        },
        {
          "client_id": "326100839217-5l0m1e410mh59a7pq7chj0qj2kfr5tj3.apps.googleusercontent.com",
          "client_type": 3
        }
      ],
      "api_key": [
        {
          "current_key": "AIzaSyAzC_Ijpw71T-UG8rmQ1Pj7CEnY7J8YoKk"
        }
      ],
      "services": {
        "appinvite_service": {
          "other_platform_oauth_client": [
            {
              "client_id": "326100839217-5l0m1e410mh59a7pq7chj0qj2kfr5tj3.apps.googleusercontent.com",
              "client_type": 3
            }
          ]
        }
      }
    }
  ],
  "configuration_version": "1"
}